epoch,train_total_loss,train_box_loss,train_obj_loss,train_cls_loss,train_positives,val_total_loss,val_box_loss,val_obj_loss,val_cls_loss,val_positives,val_mean_iou,val_cls_acc,val_recall,val_precision,val_map50,val_map50_95,lr,images_per_sec,epoch_time_sec,vram_allocated_gb,peak_vram_gb
1,13.9716,0.5533,5.0626,1.9019,247248,7.1924,0.4093,0.3525,0.727,48549,0.5866,60.38,2.6821,0.4838,1.2975,0.439,0.001,10.65,777.92,0.07,6.74
2,6.9832,0.3859,0.3004,0.6652,247248,6.8321,0.361,0.317,0.66,48549,0.6325,64.19,3.0701,0.5538,1.7001,0.7144,0.000999,11.82,700.86,0.07,6.74
3,6.5512,0.3374,0.2716,0.5464,247248,6.5957,0.3279,0.3098,0.6194,48549,0.665,67.34,3.3475,0.6038,2.0212,0.9308,0.000996,11.84,699.42,0.07,6.74
4,6.282,0.3078,0.2524,0.4901,247248,6.4202,0.3106,0.2956,0.5565,48549,0.6807,68.16,3.4307,0.6188,2.123,1.0419,0.000991,11.86,698.39,0.07,6.74
5,6.1111,0.2894,0.2408,0.4488,247248,6.215,0.2855,0.2756,0.5192,48549,0.7028,69.68,3.5665,0.6433,2.2944,1.196,0.000984,11.89,696.74,0.07,6.74
6,5.9436,0.272,0.2269,0.4161,247248,6.2141,0.2802,0.2783,0.5243,48549,0.7092,71.2,3.6752,0.6629,2.4364,1.3028,0.000976,11.94,693.36,0.07,6.74
7,5.8374,0.2611,0.2192,0.3955,247248,6.13,0.276,0.2662,0.5108,48549,0.7133,71.4,3.7109,0.6693,2.4838,1.3506,0.000965,11.79,702.36,0.07,6.74
8,5.7499,0.2519,0.212,0.3766,247248,6.047,0.2672,0.2651,0.4883,48549,0.7211,72.2,3.7568,0.6776,2.5457,1.4083,0.000953,11.76,704.12,0.07,6.74
9,5.6657,0.2437,0.2044,0.3602,247248,6.0626,0.2582,0.2618,0.5004,48549,0.7275,72.71,3.8015,0.6857,2.6067,1.4791,0.000939,11.26,735.61,0.07,6.74
10,5.5937,0.2359,0.1984,0.3474,247248,6.0155,0.262,0.2679,0.4959,48549,0.7256,72.05,3.754,0.6771,2.542,1.4495,0.000923,11.68,709.27,0.07,6.74
11,5.5376,0.2301,0.1951,0.3372,247248,5.9386,0.2505,0.2505,0.4936,48549,0.7362,72.6,3.8133,0.6878,2.6229,1.5413,0.000905,11.89,696.67,0.07,6.74
12,5.4833,0.2247,0.1898,0.3263,247248,5.8964,0.2421,0.2498,0.4898,48549,0.7434,73.31,3.8762,0.6992,2.7101,1.6291,0.000886,12.09,684.95,0.07,6.74
13,5.4293,0.2192,0.1864,0.3137,247248,5.839,0.2415,0.2503,0.476,48549,0.7447,73.67,3.8755,0.699,2.7092,1.6215,0.000866,12.15,681.66,0.07,6.74
14,5.378,0.2141,0.1824,0.3043,247248,5.856,0.242,0.248,0.4794,48549,0.7445,74.31,3.9157,0.7063,2.7657,1.6451,0.000844,12.12,683.5,0.07,6.74
15,5.3349,0.2098,0.179,0.2964,247248,5.8611,0.2395,0.2491,0.4945,48549,0.7455,72.48,3.8088,0.687,2.6167,1.586,0.000821,12.15,681.76,0.07,6.74
16,5.3055,0.2069,0.1763,0.2908,247248,5.8243,0.2369,0.2485,0.4795,48549,0.7481,74.78,3.9338,0.7096,2.7912,1.6869,0.000796,12.19,679.67,0.07,6.74
17,5.2538,0.2018,0.1728,0.2788,247248,5.8779,0.2387,0.2567,0.4932,48549,0.7473,72.1,3.8045,0.6862,2.6108,1.5956,0.00077,12.15,681.63,0.07,6.74
18,5.2146,0.1978,0.1699,0.2715,247248,5.8315,0.2355,0.247,0.4788,48549,0.7497,75.07,3.9533,0.7131,2.819,1.7141,0.000743,12.11,684.13,0.07,6.7
19,5.179,0.1947,0.1677,0.2625,247248,5.8129,0.2333,0.2514,0.4867,48549,0.7517,73.76,3.9033,0.7041,2.7481,1.6901,0.000716,11.95,692.96,0.07,6.74
20,5.1398,0.1907,0.1643,0.2537,247248,5.8772,0.2331,0.2506,0.5128,48549,0.7516,74.31,3.9331,0.7094,2.7902,1.7209,0.000687,11.95,692.89,0.07,6.74
21,5.0962,0.1863,0.1619,0.2452,247248,5.8522,0.2294,0.2492,0.5253,48549,0.754,73.1,3.8691,0.6979,2.7002,1.6996,0.000658,11.98,691.06,0.07,6.74
22,5.0605,0.183,0.1594,0.2348,247248,5.8635,0.2284,0.2407,0.5322,48549,0.7555,74.27,3.9339,0.7096,2.7914,1.7528,0.000628,11.97,692.07,0.07,6.74
23,5.0095,0.1784,0.1556,0.2243,247248,5.9462,0.2302,0.2565,0.5374,48549,0.7538,73.65,3.9056,0.7045,2.7513,1.7133,0.000598,11.95,693.25,0.07,6.74
24,4.974,0.175,0.1542,0.2171,247248,5.9041,0.2313,0.2562,0.5595,48549,0.7536,73.5,3.9,0.7035,2.7434,1.7134,0.000567,11.96,692.67,0.07,6.74
25,4.9306,0.1707,0.1511,0.2061,247248,5.9838,0.2308,0.255,0.5755,48549,0.7536,73.82,3.9141,0.706,2.7634,1.7197,0.000536,9.84,841.61,0.07,6.74
26,4.9062,0.1682,0.1488,0.2004,247248,5.9266,0.2294,0.2566,0.5899,48549,0.7539,73.84,3.9046,0.7043,2.75,1.7295,0.000505,11.02,751.53,0.07,6.74
27,4.8571,0.1644,0.146,0.1846,247248,5.9446,0.2272,0.2504,0.6149,48549,0.7567,74.06,3.9293,0.7087,2.7849,1.7538,0.000474,11.26,735.54,0.07,6.74
28,4.8073,0.16,0.1428,0.1729,247248,5.9927,0.2295,0.256,0.6483,48549,0.7544,73.79,3.8997,0.7034,2.7431,1.7381,0.000443,11.27,735.14,0.07,6.74
29,4.7781,0.1573,0.14,0.1637,247248,6.02,0.2293,0.2527,0.668,48549,0.7545,73.66,3.8975,0.703,2.7399,1.7303,0.000412,11.27,734.62,0.07,6.74
30,4.7295,0.1531,0.1369,0.1487,247248,6.1279,0.2304,0.2569,0.6982,48549,0.7538,73.29,3.8811,0.7001,2.717,1.7205,0.000382,11.28,734.17,0.07,6.74
31,4.6922,0.1501,0.1341,0.1384,247248,6.1952,0.2325,0.2705,0.7529,48549,0.7512,73.51,3.8867,0.7011,2.7248,1.7218,0.000352,11.31,732.3,0.07,6.74
32,4.6484,0.1465,0.1316,0.1238,247248,6.2448,0.231,0.2639,0.8156,48549,0.7529,73.22,3.8775,0.6994,2.7119,1.7271,0.000323,11.31,732.0,0.07,6.74
33,4.6109,0.1432,0.1291,0.1116,247248,6.3017,0.2319,0.2656,0.842,48549,0.7523,73.42,3.8796,0.6998,2.7149,1.7309,0.000294,11.27,734.73,0.07,6.74
34,4.5794,0.1404,0.126,0.1052,247248,6.3434,0.2309,0.2675,0.8467,48549,0.7531,73.12,3.8675,0.6976,2.698,1.7298,0.000267,11.3,733.08,0.07,6.74
35,4.5464,0.1376,0.1238,0.0962,247248,6.441,0.2312,0.2716,0.8943,48549,0.7521,72.91,3.8583,0.6959,2.6851,1.712,0.00024,11.21,738.61,0.07,6.74
36,4.5206,0.1349,0.1213,0.0881,247248,6.4753,0.2325,0.2706,0.9329,48549,0.7513,73.21,3.8767,0.6993,2.7108,1.7235,0.000214,11.25,736.19,0.07,6.74
37,4.4852,0.1322,0.1192,0.0792,247248,6.4913,0.2326,0.2755,0.9552,48549,0.7513,72.98,3.8696,0.698,2.7009,1.7203,0.000189,11.26,735.57,0.07,6.74
38,4.4582,0.1297,0.1167,0.0711,247248,6.5788,0.2325,0.2824,0.996,48549,0.7515,73.24,3.874,0.6988,2.7071,1.7252,0.000166,11.23,737.35,0.07,6.74
39,4.4332,0.1273,0.1146,0.0661,247248,6.657,0.2333,0.2832,1.0424,48549,0.7505,72.89,3.8565,0.6956,2.6826,1.7075,0.000144,11.26,735.8,0.07,6.74
40,4.4202,0.126,0.1137,0.0611,247248,6.774,0.2344,0.2875,1.1179,48549,0.7494,72.96,3.8589,0.696,2.6859,1.7134,0.000124,11.26,735.26,0.07,6.74
41,4.3941,0.1235,0.1113,0.0556,247248,6.7377,0.2355,0.286,1.1364,48549,0.7486,72.53,3.8303,0.6909,2.6463,1.6884,0.000105,11.27,734.7,0.07,6.74
42,4.3743,0.1215,0.1097,0.0506,247248,6.9558,0.2347,0.2896,1.166,48549,0.749,72.82,3.847,0.6939,2.6694,1.7007,8.7e-05,11.27,735.02,0.07,6.7
43,4.3579,0.1203,0.1081,0.0486,247248,6.8794,0.2361,0.2897,1.1901,48549,0.7478,72.49,3.8318,0.6912,2.6484,1.6868,7.1e-05,10.93,757.77,0.07,6.74
44,4.3417,0.1184,0.1062,0.0456,247248,6.8715,0.2357,0.292,1.197,48549,0.748,72.74,3.8378,0.6922,2.6567,1.6908,5.7e-05,10.73,771.87,0.07,6.74
45,4.3265,0.1173,0.1059,0.0411,247248,6.9959,0.2352,0.2975,1.233,48549,0.7482,73.07,3.8591,0.6961,2.6862,1.7107,4.5e-05,10.7,774.02,0.07,6.74
46,4.3224,0.1165,0.1046,0.0417,247248,6.9889,0.235,0.299,1.2327,48549,0.7484,72.93,3.8507,0.6946,2.6746,1.7071,3.4e-05,10.65,777.3,0.07,6.74
47,4.3067,0.1151,0.1036,0.0382,247248,6.9643,0.2357,0.2982,1.2486,48549,0.7477,72.73,3.8406,0.6927,2.6605,1.6949,2.6e-05,10.66,776.79,0.07,6.74
48,4.297,0.1146,0.1032,0.0368,247248,7.0022,0.2365,0.2977,1.2605,48549,0.7471,72.64,3.8343,0.6916,2.6518,1.6862,1.9e-05,10.66,777.21,0.07,6.74
49,4.3144,0.1159,0.1048,0.0391,247248,7.0335,0.2367,0.2956,1.2719,48549,0.7469,72.52,3.828,0.6905,2.6432,1.6833,1.4e-05,10.67,776.15,0.07,6.74
50,4.3094,0.1155,0.1047,0.0379,247248,6.9335,0.2377,0.2943,1.2828,48549,0.7464,72.39,3.8219,0.6894,2.6347,1.6754,1.1e-05,10.63,779.41,0.07,6.74
